{
    "content": [
        {
            "name": "game.projectc",
            "size": 2413,
            "pieces": [
                {
                    "name": "game.projectc0",
                    "offset": 0
                }
            ]
        },
        {
            "name": "game.arci",
            "size": 20208,
            "pieces": [
                {
                    "name": "game.arci0",
                    "offset": 0
                }
            ]
        },
        {
            "name": "game.arcd",
            "size": 248484,
            "pieces": [
                {
                    "name": "game.arcd0",
                    "offset": 0
                }
            ]
        },
        {
            "name": "game.dmanifest",
            "size": 102564,
            "pieces": [
                {
                    "name": "game.dmanifest0",
                    "offset": 0
                }
            ]
        },
        {
            "name": "game.public.der",
            "size": 162,
            "pieces": [
                {
                    "name": "game.public.der0",
                    "offset": 0
                }
            ]
        },
        {
            "name": "menu.xm",
            "size": 59163,
            "pieces": [
                {
                    "name": "../assets/audio/menu.xm",
                    "offset": 0
                }
            ]
        },
        {
            "name": "level_1.xm",
            "size": 42940,
            "pieces": [
                {
                    "name": "../assets/audio/level_1.xm",
                    "offset": 0
                }
            ]
        },
        {
            "name": "level_2.xm",
            "size": 26190,
            "pieces": [
                {
                    "name": "../assets/audio/level_2.xm",
                    "offset": 0
                }
            ]
        },
        {
            "name": "level_3.xm",
            "size": 22917,
            "pieces": [
                {
                    "name": "../assets/audio/level_3.xm",
                    "offset": 0
                }
            ]
        },
        {
            "name": "level_4.xm",
            "size": 50784,
            "pieces": [
                {
                    "name": "../assets/audio/level_4.xm",
                    "offset": 0
                }
            ]
        },
        {
            "name": "level_5.xm",
            "size": 92916,
            "pieces": [
                {
                    "name": "../assets/audio/level_5.xm",
                    "offset": 0
                }
            ]
        },
        {
            "name": "level_6.xm",
            "size": 30408,
            "pieces": [
                {
                    "name": "../assets/audio/level_6.xm",
                    "offset": 0
                }
            ]
        },
        {
            "name": "level_7.xm",
            "size": 51424,
            "pieces": [
                {
                    "name": "../assets/audio/level_7.xm",
                    "offset": 0
                }
            ]
        },
        {
            "name": "level_8.xm",
            "size": 79966,
            "pieces": [
                {
                    "name": "../assets/audio/level_8.xm",
                    "offset": 0
                }
            ]
        },
        {
            "name": "level_9.xm",
            "size": 93029,
            "pieces": [
                {
                    "name": "../assets/audio/level_9.xm",
                    "offset": 0
                }
            ]
        },
        {
            "name": "level_10.xm",
            "size": 70475,
            "pieces": [
                {
                    "name": "../assets/audio/level_10.xm",
                    "offset": 0
                }
            ]
        }
    ]
}